{"cameraMode":{"drawMode":0,"name":"Shaded","section":"Shading Mode"},"sceneLighting":false,"audioPlay":false,"sceneViewState":{"showFog":true,"showMaterialUpdate":false,"showSkybox":true,"showFlares":true,"showImageEffects":true,"showParticleSystems":true},"in2DMode":false,"pivot":{"x":0.05424851179122925,"y":-0.015663504600524904,"z":0.20965102314949037},"rotation":{"x":0.2421601265668869,"y":-0.7423235774040222,"z":0.34522759914398196,"w":0.5207034945487976},"size":4.3438849449157719,"orthographic":false}