{"cameraMode":{"drawMode":0,"name":"Shaded","section":"Shading Mode"},"sceneLighting":false,"audioPlay":false,"sceneViewState":{"showFog":true,"showMaterialUpdate":false,"showSkybox":true,"showFlares":true,"showImageEffects":true,"showParticleSystems":true},"in2DMode":false,"pivot":{"x":0.10419704020023346,"y":-0.0018764734268188477,"z":-0.15518300235271455},"rotation":{"x":-0.01237579621374607,"y":-0.9781970977783203,"z":0.1980973780155182,"w":-0.06111226975917816},"size":1.523590087890625,"orthographic":false}