{"cameraMode":{"drawMode":0,"name":"Shaded","section":"Shading Mode"},"sceneLighting":false,"audioPlay":false,"sceneViewState":{"showFog":true,"showMaterialUpdate":false,"showSkybox":true,"showFlares":true,"showImageEffects":true,"showParticleSystems":true},"in2DMode":false,"pivot":{"x":0.014882564544677735,"y":-0.019603103399276735,"z":-0.23928451538085938},"rotation":{"x":-0.2742471694946289,"y":0.004901884589344263,"z":-0.0013977299677208067,"w":-0.961645781993866},"size":4.1666388511657719,"orthographic":false}