{"cameraMode":{"drawMode":0,"name":"Shaded","section":"Shading Mode"},"sceneLighting":false,"audioPlay":false,"sceneViewState":{"showFog":true,"showMaterialUpdate":false,"showSkybox":true,"showFlares":true,"showImageEffects":true,"showParticleSystems":true},"in2DMode":false,"pivot":{"x":0.05967770516872406,"y":-0.024564266204833986,"z":-0.1866127848625183},"rotation":{"x":-0.07374218106269837,"y":0.003587384708225727,"z":-0.00026524346321821213,"w":-0.9972708821296692},"size":3.020965337753296,"orthographic":false}