{"cameraMode":{"drawMode":0,"name":"Shaded","section":"Shading Mode"},"sceneLighting":false,"audioPlay":false,"sceneViewState":{"showFog":true,"showMaterialUpdate":false,"showSkybox":true,"showFlares":true,"showImageEffects":true,"showParticleSystems":true},"in2DMode":false,"pivot":{"x":0.05675649642944336,"y":0.010251164436340332,"z":-0.5593216419219971},"rotation":{"x":-0.44750627875328066,"y":0.08375874906778336,"z":0.04214584827423096,"w":0.8893517255783081},"size":6.574291706085205,"orthographic":false}