{"cameraMode":{"drawMode":0,"name":"Shaded","section":"Shading Mode"},"sceneLighting":false,"audioPlay":false,"sceneViewState":{"showFog":true,"showMaterialUpdate":false,"showSkybox":true,"showFlares":true,"showImageEffects":true,"showParticleSystems":true},"in2DMode":false,"pivot":{"x":0.0428619384765625,"y":-0.07841241359710694,"z":-0.05953025817871094},"rotation":{"x":-0.07374218106269837,"y":0.003587384708225727,"z":-0.00026524346321821213,"w":-0.9972708821296692},"size":16.666549682617189,"orthographic":false}