{"cameraMode":{"drawMode":0,"name":"Shaded","section":"Shading Mode"},"sceneLighting":true,"audioPlay":false,"sceneViewState":{"showFog":true,"showMaterialUpdate":false,"showSkybox":true,"showFlares":true,"showImageEffects":true,"showParticleSystems":true},"in2DMode":false,"pivot":{"x":0.0,"y":0.7419999837875366,"z":1.225000023841858},"rotation":{"x":-0.0041086915880441669,"y":0.9786980152130127,"z":-0.20431865751743318,"w":-0.01968088559806347},"size":1.9242141246795655,"orthographic":false}