{"cameraMode":{"drawMode":0,"name":"Shaded","section":"Shading Mode"},"sceneLighting":false,"audioPlay":false,"sceneViewState":{"showFog":true,"showMaterialUpdate":false,"showSkybox":true,"showFlares":true,"showImageEffects":true,"showParticleSystems":true},"in2DMode":false,"pivot":{"x":-1.0671523809432984,"y":-0.9154255390167236,"z":5.998666763305664},"rotation":{"x":-0.01237579621374607,"y":-0.9781970977783203,"z":0.1980973780155182,"w":-0.06111226975917816},"size":3.046618938446045,"orthographic":false}