{"cameraMode":{"drawMode":0,"name":"Shaded","section":"Shading Mode"},"sceneLighting":false,"audioPlay":false,"sceneViewState":{"showFog":true,"showMaterialUpdate":false,"showSkybox":true,"showFlares":true,"showImageEffects":true,"showParticleSystems":true},"in2DMode":false,"pivot":{"x":0.02169939875602722,"y":-0.006265401840209961,"z":0.06465588510036469},"rotation":{"x":0.2421601265668869,"y":-0.7423235774040222,"z":0.34522759914398196,"w":0.5207034945487976},"size":1.6193082332611085,"orthographic":false}